5.828734636306762695e-01,-6.166119575500488281e-01,9.830700755119323730e-01,9.977909326553344727e-01,4.459534287452697754e-01,7.012771964073181152e-01,-9.056895375251770020e-01,-1.139753341674804688e+00,-9.341744780540466309e-01,3.159264922142028809e-01,8.790306448936462402e-01,6.673459410667419434e-01,-1.402655959129333496e+00,-6.251593232154846191e-01,1.144574880599975586e+00,-1.042928814888000488e+00,4.531205594539642334e-01,6.593879461288452148e-01,1.339051127433776855e+00,1.527357697486877441e+00,-2.226387411355972290e-01,-4.953420907258987427e-02,5.106466412544250488e-01,-1.145734429359436035e+00,-1.281516909599304199e+00,-1.773953080177307129e+00,2.117845863103866577e-01,1.039092987775802612e-01,-3.552092611789703369e-01,1.312905669212341309e+00,4.936477914452552795e-02,1.387043356895446777e+00,7.070269584655761719e-01,7.774870991706848145e-01,3.994184434413909912e-01,-1.111405968666076660e+00,-1.537801511585712433e-02,1.262251973152160645e+00,-1.585862413048744202e-02,1.107551455497741699e+00,-8.190314173698425293e-01,5.884063243865966797e-01,8.442471176385879517e-02,1.378593683242797852e+00,2.436752617359161377e-01,1.827589720487594604e-01,-9.548656344413757324e-01,6.978740692138671875e-01,3.571596443653106689e-01,6.136664748191833496e-01
-2.618401348590850830e-01,2.106905281543731689e-01,-5.872541666030883789e-01,4.273156821727752686e-01,-1.056345254182815552e-01,4.857892692089080811e-01,6.022036075592041016e-01,1.632198393344879150e-01,5.057519078254699707e-01,-1.799382269382476807e-01,1.949987858533859253e-01,4.972925186157226562e-01,-5.264346599578857422e-01,3.884313106536865234e-01,2.957056462764739990e-01,5.472608208656311035e-01,2.712283134460449219e-01,-3.713125586509704590e-01,-7.533118128776550293e-01,-2.505897283554077148e-01,-1.938871145248413086e-01,2.735020243562757969e-04,5.400803089141845703e-01,2.574648559093475342e-01,3.903222322463989258e+00,3.041419088840484619e-01,7.820299267768859863e-01,7.219296693801879883e-01,8.271349072456359863e-01,-9.777606129646301270e-01,5.244104862213134766e-01,-1.124013066291809082e+00,3.051851987838745117e-01,-5.435590147972106934e-01,1.974899768829345703e-01,1.474108397960662842e-01,-6.053427457809448242e-01,-4.886730611324310303e-01,3.954729735851287842e-01,-1.883887052536010742e-01,6.527472734451293945e-01,8.975195884704589844e-01,6.165448203682899475e-02,-1.473751902580261230e+00,1.997408717870712280e-01,-1.546539187431335449e+00,1.250716090202331543e+00,-6.665687561035156250e-01,-2.672834321856498718e-02,2.753920555114746094e-01
-2.370320707559585571e-01,5.336237549781799316e-01,-4.723396003246307373e-01,-1.046594008803367615e-01,-1.898676604032516479e-01,7.942992448806762695e-01,1.847396492958068848e-01,3.926728069782257080e-01,-3.333490714430809021e-02,-2.674728333950042725e-01,-1.181028410792350769e-02,2.592764794826507568e-01,-3.491331934928894043e-01,5.666273236274719238e-01,2.370999455451965332e-01,-2.049009688198566437e-02,5.339365825057029724e-02,-7.028966546058654785e-01,-6.448709964752197266e-01,-3.127553761005401611e-01,-1.334876269102096558e-01,-1.106458008289337158e-01,9.314550757408142090e-01,6.446262001991271973e-01,4.237124443054199219e+00,3.055301606655120850e-01,4.376870989799499512e-01,4.243602752685546875e-01,8.047314882278442383e-01,-9.775062203407287598e-01,3.881362378597259521e-01,-7.765160202980041504e-01,6.792687773704528809e-01,-4.447813630104064941e-01,2.317432910203933716e-01,5.025841593742370605e-01,-7.522588372230529785e-01,-9.995516389608383179e-02,2.447258830070495605e-01,2.530570328235626221e-01,3.329892456531524658e-01,9.342314600944519043e-01,-6.686270982027053833e-02,-1.385949492454528809e+00,2.323641926050186157e-01,-1.519086241722106934e+00,1.085872173309326172e+00,-5.958514213562011719e-01,7.374223321676254272e-02,1.847851574420928955e-01
-3.928748667240142822e-01,3.943879604339599609e-01,-4.892096221446990967e-01,4.242967665195465088e-01,-2.267498373985290527e-01,4.761015772819519043e-01,5.241289138793945312e-01,3.541094064712524414e-01,4.582744538784027100e-01,2.395988106727600098e-01,-2.955871075391769409e-02,3.195413947105407715e-01,-5.006584525108337402e-01,2.588779330253601074e-01,-7.577127311378717422e-03,1.867331266403198242e-01,2.617442309856414795e-01,-6.238527297973632812e-01,-4.911789894104003906e-01,-3.948322534561157227e-01,1.213384717702865601e-01,7.768145203590393066e-02,8.937865495681762695e-01,3.662334382534027100e-01,4.137811660766601562e+00,4.475382268428802490e-01,7.314352989196777344e-01,6.126596927642822266e-01,7.742313146591186523e-01,-1.247024297714233398e+00,8.754765391349792480e-01,-9.547014832496643066e-01,2.573570311069488525e-01,-4.640365242958068848e-01,3.100949525833129883e-02,4.635108634829521179e-02,-7.214943170547485352e-01,-6.663491129875183105e-01,4.485755562782287598e-01,-6.959820166230201721e-03,4.846111238002777100e-01,7.871406078338623047e-01,2.678064703941345215e-01,-1.483028531074523926e+00,3.502665758132934570e-01,-1.233111381530761719e+00,1.180601239204406738e+00,-5.774728059768676758e-01,1.291986554861068726e-01,7.306789606809616089e-02
-2.031422220170497894e-02,3.278918564319610596e-01,-5.962190032005310059e-01,9.137178212404251099e-02,-1.467172950506210327e-01,6.209228038787841797e-01,3.312503099441528320e-01,2.126751095056533813e-01,3.985201418399810791e-01,2.101667076349258423e-01,6.011118367314338684e-02,2.287567853927612305e-01,-3.568075597286224365e-01,6.372505426406860352e-01,-3.489813208580017090e-02,1.573762893676757812e-01,3.834266662597656250e-01,-7.943732142448425293e-01,-6.768648028373718262e-01,-6.045914888381958008e-01,1.249408572912216187e-01,-4.245110228657722473e-02,8.731278777122497559e-01,1.707186996936798096e-01,3.907902956008911133e+00,3.435006141662597656e-01,7.525115609169006348e-01,5.769865512847900391e-01,1.060519218444824219e+00,-1.093796610832214355e+00,8.396490216255187988e-01,-1.073684334754943848e+00,5.838741660118103027e-01,-5.602616071701049805e-01,1.162123084068298340e-01,3.596611917018890381e-01,-7.890701889991760254e-01,-4.304516017436981201e-01,-2.459385432302951813e-02,-2.623635828495025635e-01,6.808506250381469727e-01,7.671623229980468750e-01,3.239518776535987854e-02,-1.735741019248962402e+00,2.183001637458801270e-01,-1.131099462509155273e+00,1.017132401466369629e+00,-2.817071974277496338e-01,1.040730476379394531e-01,2.287373095750808716e-01
1.600938737392425537e-01,2.160488516092300415e-01,1.132111176848411560e-01,-2.362850010395050049e-01,2.074269205331802368e-01,-1.639740765094757080e-01,1.820679754018783569e-01,-1.719953715801239014e-01,4.592926800251007080e-02,-1.354243755340576172e-01,-6.185576319694519043e-02,-1.602813899517059326e-01,6.938420236110687256e-02,1.136984396725893021e-02,-2.350695431232452393e-01,-4.037451744079589844e-02,-1.975072324275970459e-01,-2.399362623691558838e-02,1.561282277107238770e-01,1.435043960809707642e-01,3.983436524868011475e-02,-2.558970451354980469e-02,1.324499957263469696e-03,-1.233780533075332642e-01,8.039905130863189697e-02,1.586714535951614380e-01,-1.556817442178726196e-01,2.275646850466728210e-02,1.976179629564285278e-01,-3.733232617378234863e-02,-7.275141775608062744e-02,7.141257822513580322e-02,-1.690039038658142090e-01,8.294368535280227661e-02,-7.017840445041656494e-02,-1.847153902053833008e-01,3.857554495334625244e-02,-1.920419931411743164e-01,-2.037992477416992188e-01,5.544371530413627625e-02,3.732590377330780029e-02,-4.362426698207855225e-02,3.639464080333709717e-02,1.054320782423019409e-01,2.125645875930786133e-01,9.408548474311828613e-03,-3.111799433827400208e-02,-2.419148981571197510e-01,-1.050382107496261597e-01,-1.446206569671630859e-01
6.720250248908996582e-01,2.651058435440063477e-01,1.014316201210021973e+00,3.995040059089660645e-01,6.113410592079162598e-01,-6.115602701902389526e-02,1.624791771173477173e-01,2.250076234340667725e-01,-5.359702184796333313e-02,4.142510890960693359e-02,2.753838300704956055e-01,6.896371394395828247e-02,8.050276637077331543e-01,-1.845647841691970825e-01,2.846115231513977051e-01,-9.493382275104522705e-02,2.214287221431732178e-01,9.399273991584777832e-01,1.052182674407958984e+00,2.441334009170532227e+00,2.306868284940719604e-01,8.200310915708541870e-02,-3.437051773071289062e-01,-1.041259169578552246e-01,-3.566982269287109375e+00,1.814957708120346069e-01,-4.044126570224761963e-01,-3.247587382793426514e-01,-8.301338553428649902e-01,1.552060604095458984e+00,-3.765400946140289307e-01,1.230217576026916504e+00,-7.095624506473541260e-02,1.256806135177612305e+00,1.914258897304534912e-01,3.536402285099029541e-01,1.017979502677917480e+00,9.496651887893676758e-01,8.994549512863159180e-02,4.352474808692932129e-01,-2.395762205123901367e-01,-5.489718914031982422e-01,1.614864170551300049e-01,2.544947624206542969e+00,1.618506461381912231e-01,1.466963887214660645e+00,-6.187306642532348633e-01,7.871526479721069336e-01,5.956889390945434570e-01,-3.609567880630493164e-02
-2.956483364105224609e-01,5.276898741722106934e-01,-3.182618319988250732e-01,3.539814651012420654e-01,-3.137772381305694580e-01,7.165313959121704102e-01,1.512953490018844604e-01,4.851482808589935303e-01,1.810464262962341309e-01,-1.880041807889938354e-01,-1.227862536907196045e-01,4.822230935096740723e-01,-1.539411693811416626e-01,2.436431795358657837e-01,1.294944733381271362e-01,6.008322834968566895e-01,2.850189805030822754e-01,-7.588915824890136719e-01,-6.075924634933471680e-01,-5.543317198753356934e-01,-1.557639241218566895e-01,7.352023571729660034e-02,7.330435514450073242e-01,4.987198710441589355e-01,3.795735120773315430e+00,4.502001702785491943e-01,8.227068781852722168e-01,8.716322183609008789e-01,8.618225455284118652e-01,-1.286596775054931641e+00,6.663615107536315918e-01,-9.875753521919250488e-01,3.736153542995452881e-01,-4.065105617046356201e-01,2.972983717918395996e-01,3.448739647865295410e-01,-8.986393213272094727e-01,-6.490132808685302734e-01,2.328681647777557373e-01,3.606818988919258118e-02,2.920491099357604980e-01,6.259742975234985352e-01,4.169557988643646240e-01,-1.611938357353210449e+00,2.784357778728008270e-02,-1.284690499305725098e+00,9.657295942306518555e-01,-5.945190191268920898e-01,2.122914493083953857e-01,3.097409009933471680e-01
4.176454067230224609e+00,8.537934422492980957e-01,-1.639418125152587891e+00,-4.147501945495605469e+00,4.037045001983642578e+00,-4.683760643005371094e+00,1.353140592575073242e+00,9.175475835800170898e-01,9.811539053916931152e-01,9.734669923782348633e-01,-2.095849514007568359e+00,-4.918201923370361328e+00,5.341138243675231934e-01,1.083246111869812012e+00,-5.890967369079589844e+00,1.121483683586120605e+00,1.369705319404602051e+00,2.281723916530609131e-01,-2.838953018188476562e+00,-1.351402401924133301e+00,-7.926350831985473633e-02,1.294280439615249634e-01,-3.861652612686157227e+00,1.071415305137634277e+00,-4.196571350097656250e+00,1.053963780403137207e+00,-5.362600803375244141e+00,-5.275972366333007812e+00,-3.471680879592895508e+00,1.063974380493164062e+00,-4.797037124633789062e+00,7.568580508232116699e-01,-2.601959705352783203e+00,4.168533325195312500e+00,1.661084055900573730e+00,1.135422945022583008e+00,8.347229957580566406e-01,1.648456573486328125e+00,1.862508773803710938e+00,-3.234934091567993164e+00,9.869001507759094238e-01,-5.442476272583007812e+00,1.270323276519775391e+00,-5.441876649856567383e-01,1.347444653511047363e+00,1.556281566619873047e+00,5.749805569648742676e-01,7.844651937484741211e-01,2.167670011520385742e+00,1.509757280349731445e+00
2.438961982727050781e+00,2.936846911907196045e-01,-4.029558971524238586e-02,-1.894048333168029785e+00,7.133218646049499512e-01,-4.200689792633056641e+00,6.190171241760253906e-01,6.388853788375854492e-01,4.018395841121673584e-01,1.169292032718658447e-01,-1.149267911911010742e+00,-1.999625802040100098e+00,7.234086990356445312e-01,4.325538873672485352e-01,-1.598697900772094727e+00,4.924965500831604004e-01,6.323662996292114258e-01,8.017709851264953613e-02,-5.052691698074340820e-01,-1.219526767730712891e+00,-1.390447169542312622e-01,-1.524391025304794312e-01,-2.235009670257568359e+00,5.708445310592651367e-01,-4.145688056945800781e+00,1.142572164535522461e+00,-3.984233379364013672e+00,-3.420887947082519531e+00,-2.087536573410034180e+00,8.298845887184143066e-01,-3.297442436218261719e+00,7.399972677230834961e-01,-1.645904541015625000e+00,2.837225198745727539e+00,2.156074285507202148e+00,6.392350196838378906e-01,5.806142091751098633e-01,-2.143771052360534668e-01,9.900875091552734375e-01,-4.135668754577636719e+00,2.699184119701385498e-01,-2.522972583770751953e+00,7.108031511306762695e-01,-5.603172779083251953e-01,1.350647926330566406e+00,1.415252923965454102e+00,2.293780744075775146e-01,2.869814336299896240e-01,3.297076702117919922e+00,7.696719169616699219e-01
-4.249879121780395508e-01,2.724380195140838623e-01,-4.432411193847656250e-01,2.684685289859771729e-01,-1.824295371770858765e-01,9.883579015731811523e-01,2.252083122730255127e-01,6.214057803153991699e-01,3.867830336093902588e-01,-1.908774375915527344e-01,-3.397327363491058350e-01,1.062422916293144226e-01,-4.299895465373992920e-01,4.187386035919189453e-01,3.136303424835205078e-01,1.334488093852996826e-01,2.827275097370147705e-01,-8.184353113174438477e-01,-5.058334469795227051e-01,-2.286766618490219116e-01,2.397751659154891968e-01,-9.458764642477035522e-02,8.078104257583618164e-01,4.282067120075225830e-01,3.920779943466186523e+00,3.616849780082702637e-01,4.512192904949188232e-01,6.364209651947021484e-01,9.595458507537841797e-01,-1.074015259742736816e+00,6.920952796936035156e-01,-6.033597588539123535e-01,5.577346086502075195e-01,-1.538183391094207764e-01,3.035917878150939941e-01,4.928940534591674805e-01,-6.877532601356506348e-01,-3.470035195350646973e-01,2.168582379817962646e-02,2.582313418388366699e-01,2.652368247509002686e-01,8.596203923225402832e-01,3.613552823662757874e-02,-1.647452473640441895e+00,9.389811754226684570e-02,-1.459365248680114746e+00,1.074697494506835938e+00,-7.417380213737487793e-01,3.556262850761413574e-01,-3.340576216578483582e-02
-1.239914298057556152e-01,1.090298742055892944e-01,-2.281131893396377563e-01,-1.833882778882980347e-01,-2.399541288614273071e-01,1.075139548629522324e-02,-7.890364527702331543e-02,1.206953600049018860e-01,-2.015012353658676147e-01,1.747414171695709229e-01,4.042015969753265381e-02,-4.730389639735221863e-02,-1.251812726259231567e-01,-2.627339959144592285e-01,1.974600851535797119e-01,4.100508522242307663e-03,1.764894425868988037e-01,-2.434535771608352661e-01,2.289595156908035278e-01,9.913755208253860474e-02,8.537158370018005371e-03,-7.583387196063995361e-02,9.886926412582397461e-02,4.278923198580741882e-02,-1.679606139659881592e-01,1.923201233148574829e-01,-2.271714657545089722e-01,2.804345637559890747e-02,-2.128962725400924683e-01,9.445598348975181580e-03,-1.786872744560241699e-01,-1.281842142343521118e-01,-2.191569209098815918e-01,8.699531853199005127e-02,-9.362337738275527954e-02,-1.001252885907888412e-02,-1.785499453544616699e-01,-1.810043901205062866e-01,6.532042473554611206e-02,-1.568897962570190430e-01,-2.558636367321014404e-01,-2.170914560556411743e-01,1.232235282659530640e-01,8.423529565334320068e-02,-4.814334958791732788e-02,8.711088448762893677e-02,-2.108162641525268555e-01,-2.035497128963470459e-01,9.126535803079605103e-02,-2.375871092081069946e-01
6.651338934898376465e-01,-6.429885029792785645e-01,8.521826863288879395e-01,8.295847773551940918e-01,7.643421888351440430e-01,9.915393590927124023e-01,-5.685160160064697266e-01,-1.178559541702270508e+00,-5.484716892242431641e-01,5.564393997192382812e-01,6.649006605148315430e-01,1.006850957870483398e+00,-1.117386460304260254e+00,-8.209904432296752930e-01,1.142599701881408691e+00,-9.039888978004455566e-01,4.034667015075683594e-01,1.089138984680175781e+00,1.356050014495849609e+00,1.463449239730834961e+00,8.696392178535461426e-03,2.165701985359191895e-01,4.464407563209533691e-01,-1.112068295478820801e+00,-1.156938433647155762e+00,-1.861038446426391602e+00,1.846933662891387939e-01,9.468556940555572510e-02,-4.402300119400024414e-01,1.490204930305480957e+00,4.110539257526397705e-01,1.182621479034423828e+00,6.305140256881713867e-01,7.219014167785644531e-01,5.276703089475631714e-02,-1.004993915557861328e+00,1.926421821117401123e-01,1.111503839492797852e+00,-9.038139134645462036e-02,1.180968165397644043e+00,-8.980844616889953613e-01,4.084419906139373779e-01,-3.855228796601295471e-02,1.241384148597717285e+00,4.155276119709014893e-01,-5.176517739892005920e-02,-1.304997682571411133e+00,4.790478944778442383e-01,4.700119793415069580e-01,5.517660975456237793e-01
-1.998437494039535522e-01,5.273718833923339844e-01,-1.504852622747421265e-01,1.864155828952789307e-01,1.317068487405776978e-01,6.743774414062500000e-01,4.869927167892456055e-01,3.900380432605743408e-01,5.157057642936706543e-01,1.544058471918106079e-01,-4.239010438323020935e-02,3.250867724418640137e-01,-1.384848356246948242e-01,2.477996200323104858e-01,8.434688206762075424e-04,5.996187925338745117e-01,5.331306532025337219e-02,-7.552961111068725586e-01,-7.637838721275329590e-01,-6.675866246223449707e-01,-5.780808627605438232e-02,-3.329312056303024292e-02,6.044641733169555664e-01,6.348159909248352051e-01,3.828115463256835938e+00,2.139556109905242920e-01,8.805124163627624512e-01,4.720886349678039551e-01,9.072180390357971191e-01,-1.233552098274230957e+00,7.917716503143310547e-01,-1.057838201522827148e+00,3.431590199470520020e-01,-4.556976854801177979e-01,1.527889817953109741e-01,-4.759375378489494324e-02,-7.757602334022521973e-01,-5.046637058258056641e-01,2.802636027336120605e-01,-8.584621548652648926e-02,4.530430436134338379e-01,9.141249060630798340e-01,1.192592754960060120e-01,-1.682475209236145020e+00,4.224121570587158203e-01,-1.440481662750244141e+00,1.173381567001342773e+00,-6.626814007759094238e-01,5.856889300048351288e-03,1.579743623733520508e-01
3.661613762378692627e-01,-7.102794647216796875e-01,7.904993891716003418e-01,6.147618889808654785e-01,6.080477833747863770e-01,3.675897121429443359e-01,-5.736685395240783691e-01,-6.027144193649291992e-01,-5.208848714828491211e-01,4.328055977821350098e-01,1.683822423219680786e-01,3.525199294090270996e-01,-4.912181198596954346e-01,-7.511059641838073730e-01,1.092784047126770020e+00,-5.026332139968872070e-01,2.819880247116088867e-01,6.042484045028686523e-01,1.373625755310058594e+00,1.233875870704650879e+00,1.376972943544387817e-01,-1.080740019679069519e-01,3.105787932872772217e-01,-7.863190174102783203e-01,-2.273686647415161133e+00,-1.300265908241271973e+00,6.842506676912307739e-02,1.123287826776504517e-01,-4.574382305145263672e-01,1.453487753868103027e+00,4.031118452548980713e-01,1.843002319335937500e+00,3.212828636169433594e-01,8.995139598846435547e-01,1.184093579649925232e-01,-9.776384830474853516e-01,2.942012548446655273e-01,1.159346461296081543e+00,9.820518083870410919e-03,1.138858318328857422e+00,-5.790956616401672363e-01,2.910132110118865967e-01,1.474408209323883057e-01,1.107715010643005371e+00,2.903222739696502686e-01,-1.492077410221099854e-01,-1.253442645072937012e+00,4.514801204204559326e-01,4.646731317043304443e-01,5.320334434509277344e-01
-1.789004504680633545e-01,5.388326644897460938e-01,-2.295815348625183105e-01,1.645284295082092285e-01,-3.269407451152801514e-01,4.573329985141754150e-01,4.678708314895629883e-01,2.918664813041687012e-01,4.820660054683685303e-01,8.424172550439834595e-02,1.242034733295440674e-01,1.091196835041046143e-01,-4.816659688949584961e-01,2.710480690002441406e-01,1.673063039779663086e-01,6.354775428771972656e-01,4.235192537307739258e-01,-4.050901532173156738e-01,-7.244353294372558594e-01,-6.868792176246643066e-01,-7.984687387943267822e-02,-1.074974164366722107e-01,8.912798166275024414e-01,4.043276309967041016e-01,4.132185935974121094e+00,2.174738347530364990e-01,7.912232279777526855e-01,5.172356367111206055e-01,9.205064177513122559e-01,-9.575419425964355469e-01,8.645884394645690918e-01,-8.602049946784973145e-01,4.369331598281860352e-01,-6.001476049423217773e-01,3.300099968910217285e-01,1.083006635308265686e-01,-8.031382560729980469e-01,-4.141093790531158447e-01,4.136362373828887939e-01,5.251017212867736816e-02,3.551916778087615967e-01,8.581981658935546875e-01,4.295503348112106323e-02,-1.462495565414428711e+00,3.697316050529479980e-01,-1.454711675643920898e+00,9.681845307350158691e-01,-5.269952416419982910e-01,-2.358870953321456909e-02,-2.295527979731559753e-02
4.708591103553771973e-02,-2.475132644176483154e-01,3.121482133865356445e-01,7.193244695663452148e-01,5.748875066637992859e-02,-2.786322116851806641e+00,4.746875166893005371e-02,1.977982223033905029e-01,1.405432224273681641e-01,9.212838113307952881e-02,2.820308506488800049e-01,2.684050798416137695e-01,8.517829775810241699e-01,-1.316076219081878662e-01,4.693349599838256836e-01,-2.632330544292926788e-02,-1.987518370151519775e-01,5.811673998832702637e-01,4.220257997512817383e-01,2.654145359992980957e-01,-2.031550854444503784e-01,1.737616509199142456e-01,4.341110587120056152e-01,-1.360932290554046631e-01,3.663803815841674805e+00,1.988571733236312866e-01,2.869913578033447266e-01,-8.944159373641014099e-03,1.597019195556640625e+00,2.664534449577331543e-01,4.292286932468414307e-01,4.470515847206115723e-01,3.573201596736907959e-01,2.050954848527908325e-01,-1.344354629516601562e+00,-6.656301021575927734e-02,5.858411788940429688e-01,2.702130079269409180e-01,-9.150204807519912720e-02,4.919327497482299805e-01,1.569879800081253052e-01,9.159898757934570312e-01,-5.966018438339233398e-01,1.297191977500915527e+00,-1.129240989685058594e+00,4.922403395175933838e-01,1.235512569546699524e-01,3.444389998912811279e-01,6.570769548416137695e-01,1.483067274093627930e-01
-2.014465443789958954e-02,-1.932730227708816528e-01,-1.297504752874374390e-01,2.073462158441543579e-01,-4.976606741547584534e-02,5.865213274955749512e-02,5.006591789424419403e-03,-2.512823641300201416e-01,1.715853959321975708e-01,-2.156822085380554199e-01,-1.299747675657272339e-01,-1.581057310104370117e-01,-7.100088149309158325e-02,-1.899619698524475098e-01,2.379541397094726562e-01,-2.112041562795639038e-01,1.748878657817840576e-01,-1.346018761396408081e-01,-4.645676165819168091e-02,-1.215703040361404419e-01,-7.743500173091888428e-02,-1.656718738377094269e-02,-1.166097968816757202e-01,-2.105594277381896973e-01,1.534844376146793365e-02,6.332962214946746826e-02,-1.597335189580917358e-01,1.227438300848007202e-01,-9.099259227514266968e-02,8.799371123313903809e-02,3.180184215307235718e-02,-2.493988275527954102e-01,1.995582580566406250e-01,-2.207288285717368126e-03,-1.259886920452117920e-01,-2.130172997713088989e-01,-2.291544228792190552e-01,-2.381101250648498535e-02,-8.754907548427581787e-02,1.644879430532455444e-01,1.560451984405517578e-01,-1.323968321084976196e-01,1.879543215036392212e-01,-4.742111265659332275e-02,2.860572375357151031e-02,6.975520402193069458e-02,-7.338517904281616211e-02,9.459616988897323608e-02,1.822576820850372314e-01,-1.367088556289672852e-01
-1.475961208343505859e-01,-1.619045138359069824e-01,-2.660552412271499634e-02,4.752764478325843811e-02,-1.991270333528518677e-01,8.576050400733947754e-03,3.245839849114418030e-02,2.317168191075325012e-02,5.325893685221672058e-02,1.243921276181936264e-02,-1.646058559417724609e-01,9.010022133588790894e-02,-2.203311026096343994e-01,2.114405483007431030e-01,1.764439940452575684e-01,-2.354448884725570679e-01,1.932854950428009033e-01,-8.312672376632690430e-02,-1.422182023525238037e-01,-7.137180864810943604e-02,-1.853134185075759888e-01,-1.326762437820434570e-01,-2.501488626003265381e-01,-1.925599128007888794e-01,-9.806808829307556152e-02,2.218547165393829346e-01,-2.376189678907394409e-01,-5.560059472918510437e-02,9.624172747135162354e-02,-1.017052084207534790e-01,1.863162070512771606e-01,-1.474687457084655762e-01,-1.483192145824432373e-01,-7.401719689369201660e-03,1.600658744573593140e-01,2.082025259733200073e-01,2.194654494524002075e-01,-5.282732471823692322e-02,-1.300627291202545166e-01,2.182113081216812134e-01,-1.130584180355072021e-01,-1.894510835409164429e-01,-2.392905652523040771e-01,-1.848621517419815063e-01,-1.312023550271987915e-01,-7.731521129608154297e-02,7.184372097253799438e-02,9.664488583803176880e-02,2.154565900564193726e-01,-1.841625124216079712e-01
-3.189243972301483154e-01,1.753676980733871460e-01,-3.224172294139862061e-01,2.967091202735900879e-01,2.997353114187717438e-02,4.081934392452239990e-01,1.436305046081542969e-01,9.359284490346908569e-02,1.707004010677337646e-01,-2.125685214996337891e-01,-2.087765783071517944e-01,3.602061569690704346e-01,-1.328953504562377930e-01,3.717031478881835938e-01,-2.389885783195495605e-01,4.573712050914764404e-01,4.188647493720054626e-02,-3.049299716949462891e-01,-6.285802125930786133e-01,-5.646693110466003418e-01,3.174398839473724365e-02,-3.999679535627365112e-02,7.401232719421386719e-01,3.881912231445312500e-01,4.175271987915039062e+00,4.452489018440246582e-01,6.388580799102783203e-01,4.321971535682678223e-01,1.092742443084716797e+00,-8.612415194511413574e-01,5.710033774375915527e-01,-7.517721056938171387e-01,3.426606059074401855e-01,-3.703104555606842041e-01,3.217267096042633057e-01,3.111816942691802979e-01,-7.568573355674743652e-01,-4.105961322784423828e-01,3.098999559879302979e-01,9.032389521598815918e-02,6.120256185531616211e-01,1.048559904098510742e+00,1.066538468003273010e-01,-1.509040594100952148e+00,2.882843315601348877e-01,-1.430769801139831543e+00,1.047331929206848145e+00,-6.229610443115234375e-01,9.930343180894851685e-02,2.832329571247100830e-01
6.937732100486755371e-01,-5.391454100608825684e-01,1.233045101165771484e+00,5.201459527015686035e-01,4.636464715003967285e-01,5.405589342117309570e-01,-3.595478236675262451e-01,-7.532764077186584473e-01,-3.428929746150970459e-01,3.296846449375152588e-01,2.975475192070007324e-01,5.267150998115539551e-01,-5.141329169273376465e-01,-7.983902692794799805e-01,1.132274627685546875e+00,-4.082241654396057129e-01,1.664228290319442749e-01,5.532289743423461914e-01,1.396382570266723633e+00,1.255617976188659668e+00,-1.833189874887466431e-01,2.675004117190837860e-02,1.645427793264389038e-01,-7.122897505760192871e-01,-2.173128128051757812e+00,-1.355175614356994629e+00,-1.078827604651451111e-01,1.468039751052856445e-01,-4.597420990467071533e-01,1.023131132125854492e+00,4.262655973434448242e-01,1.516823887825012207e+00,2.431996613740921021e-01,6.349030733108520508e-01,4.584127366542816162e-01,-1.115601062774658203e+00,3.803115338087081909e-02,8.818154931068420410e-01,7.953052222728729248e-02,7.636973857879638672e-01,-4.303942024707794189e-01,5.751949548721313477e-01,2.283794730901718140e-01,1.094262599945068359e+00,6.366650015115737915e-02,-5.264061093330383301e-01,-1.064022660255432129e+00,1.204135864973068237e-01,2.979829013347625732e-01,3.358771502971649170e-01
-2.997685670852661133e+00,1.881900310516357422e+00,-2.141940832138061523e+00,-3.390574932098388672e+00,-1.426199793815612793e+00,1.105386495590209961e+00,1.056828379631042480e+00,1.796111345291137695e+00,1.286231637001037598e+00,-6.153194699436426163e-03,-3.978416919708251953e+00,-2.932509422302246094e+00,-5.080123424530029297e+00,1.374470233917236328e+00,-1.574073910713195801e+00,1.533412218093872070e+00,1.013381183147430420e-01,-5.772299289703369141e+00,-3.350040912628173828e+00,-1.788722276687622070e-01,2.369262278079986572e-02,1.211798042058944702e-01,5.930247902870178223e-01,1.690830588340759277e+00,-9.645186066627502441e-01,2.131996870040893555e+00,6.474454402923583984e-01,3.032207190990447998e-01,4.916574954986572266e-01,-1.548841238021850586e+00,3.568375110626220703e-01,-2.239970445632934570e+00,-3.965291660279035568e-03,-3.056999683380126953e+00,7.842575907707214355e-01,2.007849454879760742e+00,-1.005843639373779297e+01,-2.344381809234619141e+00,3.798069059848785400e-01,-3.609071969985961914e+00,1.937209248542785645e+00,-6.973692774772644043e-01,6.956909894943237305e-01,-8.046492338180541992e-01,1.017018437385559082e+00,-5.153459548950195312e+00,2.039927005767822266e+00,-4.900407791137695312e+00,-1.821596264839172363e+00,-4.036975800991058350e-01
1.525869965553283691e+00,-2.104796409606933594e+00,1.864087581634521484e+00,1.335999369621276855e+00,1.930154204368591309e+00,1.832193255424499512e+00,4.528676867485046387e-01,5.668430924415588379e-01,6.803378462791442871e-01,-1.458536505699157715e+00,4.505850672721862793e-01,1.030254602432250977e+00,-3.436319828033447266e+00,-5.796797275543212891e-01,-1.522977948188781738e-01,-1.489000469446182251e-01,-3.044109642505645752e-01,-4.113486409187316895e-01,1.594824552536010742e+00,4.767119884490966797e+00,1.778723299503326416e-02,-6.518901884555816650e-02,6.597676873207092285e-01,-8.870301842689514160e-01,8.381623625755310059e-01,-1.944322228431701660e+00,5.388835072517395020e-01,2.184173017740249634e-01,1.237579107284545898e+00,1.835593700408935547e+00,7.033713459968566895e-01,3.772618174552917480e-01,7.502431869506835938e-01,1.741871476173400879e+00,-1.094600200653076172e+00,-9.062711000442504883e-01,-1.919632315635681152e+00,1.282406210899353027e+00,-5.831020474433898926e-01,1.685946345329284668e+00,-8.988904953002929688e-01,8.848673701286315918e-01,-1.329591751098632812e+00,1.838327646255493164e+00,-8.808039426803588867e-01,-2.291557073593139648e+00,-1.082908749580383301e+00,-2.496484220027923584e-01,1.807158112525939941e+00,-3.935010433197021484e-01
9.009594917297363281e-01,-7.557377219200134277e-02,7.561483979225158691e-01,2.878795564174652100e-01,7.151405811309814453e-01,1.493666041642427444e-02,-1.812930405139923096e-01,-2.640012800693511963e-01,1.742923259735107422e-01,2.258086800575256348e-01,6.379826068878173828e-01,5.149395391345024109e-02,5.748593211174011230e-01,-2.646690309047698975e-01,2.519593238830566406e-01,-3.058422803878784180e-01,3.498841524124145508e-01,8.651007413864135742e-01,1.351508140563964844e+00,1.011978864669799805e+00,1.293923109769821167e-01,1.753693968057632446e-01,-2.779038548469543457e-01,-2.730263769626617432e-01,-3.672415971755981445e+00,-1.494753807783126831e-01,-3.746192157268524170e-01,-1.394839435815811157e-01,-9.699738621711730957e-01,1.188112735748291016e+00,-3.162274658679962158e-01,9.815936684608459473e-01,1.942451745271682739e-01,1.009409904479980469e+00,2.235906124114990234e-01,1.303950399160385132e-01,1.077908873558044434e+00,9.675323963165283203e-01,2.825708687305450439e-01,6.259047985076904297e-01,-2.949602603912353516e-01,-1.559321582317352295e-01,4.609958231449127197e-01,1.786562204360961914e+00,1.739260405302047729e-01,1.645223379135131836e+00,-8.094624280929565430e-01,6.085111498832702637e-01,2.531164288520812988e-01,3.221695125102996826e-01
6.085430979728698730e-01,-4.105095565319061279e-01,9.954699873924255371e-01,7.375437617301940918e-01,3.290457427501678467e-01,9.037542343139648438e-02,-8.427917361259460449e-01,-1.262156128883361816e+00,-8.426293134689331055e-01,7.755185961723327637e-01,9.581126570701599121e-01,5.127211213111877441e-01,-1.792209625244140625e+00,-5.088549852371215820e-01,9.440154433250427246e-01,-7.927248477935791016e-01,1.851651817560195923e-01,1.066228985786437988e+00,1.003662467002868652e+00,8.757029175758361816e-01,3.912001848220825195e-03,1.359952730126678944e-03,4.027456641197204590e-01,-1.071201205253601074e+00,-1.216092467308044434e+00,-1.491295576095581055e+00,-5.337666720151901245e-02,3.356360495090484619e-01,-6.834857463836669922e-01,1.989254832267761230e+00,3.465591073036193848e-01,1.846326351165771484e+00,6.763657331466674805e-01,7.241835594177246094e-01,2.770215868949890137e-01,-1.368347167968750000e+00,-4.443662166595458984e-01,9.042410254478454590e-01,-1.883182227611541748e-01,1.105845808982849121e+00,-4.030818641185760498e-01,6.531143188476562500e-01,3.819951713085174561e-01,1.891921401023864746e+00,1.477238237857818604e-01,1.048816204071044922e+00,-9.954138994216918945e-01,4.034420847892761230e-01,2.249369174242019653e-01,6.128579974174499512e-01
-6.165549531579017639e-02,6.431008577346801758e-01,-2.842435836791992188e-01,4.599868953227996826e-01,-2.905675470829010010e-01,7.420306205749511719e-01,2.339984476566314697e-01,4.960370063781738281e-01,2.249533534049987793e-01,2.153353840112686157e-01,-1.692115366458892822e-01,5.277159214019775391e-01,-4.632947742938995361e-01,3.703321516513824463e-01,-2.018833607435226440e-01,5.835560560226440430e-01,1.873716153204441071e-02,-7.654154896736145020e-01,-5.854941010475158691e-01,-6.438485383987426758e-01,1.444919556379318237e-01,-1.530270576477050781e-01,4.734317958354949951e-01,3.554781377315521240e-01,3.965359687805175781e+00,2.672886252403259277e-01,6.085642576217651367e-01,5.180454850196838379e-01,7.349604368209838867e-01,-1.093759655952453613e+00,7.750232219696044922e-01,-1.089783430099487305e+00,3.432971835136413574e-01,-2.307918071746826172e-01,3.026789724826812744e-01,1.719723641872406006e-01,-6.802992820739746094e-01,-5.575288534164428711e-01,-3.107100725173950195e-02,-2.706688046455383301e-01,4.954693317413330078e-01,6.481671333312988281e-01,2.762680351734161377e-01,-1.785916805267333984e+00,3.347531855106353760e-01,-1.311871170997619629e+00,1.118405461311340332e+00,-5.256520509719848633e-01,-1.443573385477066040e-01,3.753695487976074219e-01
8.691621422767639160e-01,-5.187141895294189453e-01,1.004615902900695801e+00,9.251744747161865234e-01,4.379957020282745361e-01,4.162727594375610352e-01,-6.706362962722778320e-01,-8.692445755004882812e-01,-8.389166593551635742e-01,4.538497626781463623e-01,7.094752192497253418e-01,4.278859496116638184e-01,-1.779585599899291992e+00,-5.560208559036254883e-01,1.181936502456665039e+00,-1.042531490325927734e+00,4.510506093502044678e-01,8.449043035507202148e-01,1.411671876907348633e+00,8.419126868247985840e-01,-2.262172251939773560e-01,-1.103159263730049133e-01,2.223417758941650391e-01,-1.045100688934326172e+00,-1.511757135391235352e+00,-1.197143554687500000e+00,2.040300220251083374e-01,2.043601572513580322e-01,-6.701797246932983398e-01,1.608265638351440430e+00,2.286270707845687866e-01,1.703461408615112305e+00,5.375588536262512207e-01,9.422832727432250977e-01,4.049567580223083496e-01,-1.195739507675170898e+00,-6.464974284172058105e-01,1.226831793785095215e+00,-3.238155543804168701e-01,8.636448979377746582e-01,-6.359319090843200684e-01,2.342561334371566772e-01,2.188895195722579956e-01,1.661284685134887695e+00,3.090392947196960449e-01,9.256899952888488770e-01,-8.401185274124145508e-01,2.369997948408126831e-01,3.012521266937255859e-01,4.237420260906219482e-01
-4.352499842643737793e-01,4.490037858486175537e-01,-5.294302701950073242e-01,2.340552210807800293e-01,-1.967528313398361206e-01,5.601400732994079590e-01,2.101282626390457153e-01,2.367418706417083740e-01,3.315390646457672119e-01,2.604758739471435547e-01,1.344660073518753052e-01,4.887762665748596191e-01,-3.235087692737579346e-01,3.532790243625640869e-01,-2.134160995483398438e-01,2.101723998785018921e-01,3.835833966732025146e-01,-5.710561871528625488e-01,-5.140761733055114746e-01,-6.603894233703613281e-01,1.575093418359756470e-01,-5.302257463335990906e-02,6.225336194038391113e-01,2.075675874948501587e-01,4.132577896118164062e+00,3.227051198482513428e-01,6.050604581832885742e-01,6.532494425773620605e-01,1.211505651473999023e+00,-1.170146107673645020e+00,8.514959812164306641e-01,-9.477143287658691406e-01,5.926748514175415039e-01,-5.389833450317382812e-01,3.541948199272155762e-01,4.256791770458221436e-01,-5.614690780639648438e-01,-6.558469533920288086e-01,7.818294316530227661e-02,-3.030417263507843018e-01,5.571737885475158691e-01,8.965062499046325684e-01,1.935153305530548096e-01,-1.586177825927734375e+00,2.045023590326309204e-01,-1.444125175476074219e+00,1.212663054466247559e+00,-6.207008957862854004e-01,2.152689397335052490e-01,1.902460157871246338e-01
8.097310066223144531e-01,2.496682852506637573e-01,-2.641739249229431152e-01,-1.222632288932800293e+00,2.741931974887847900e-01,-4.287692070007324219e+00,5.095885396003723145e-01,6.346822381019592285e-01,2.487555444240570068e-01,2.422081083059310913e-01,-7.109973430633544922e-01,-1.088378906250000000e+00,5.887778997421264648e-01,2.513414323329925537e-01,-9.788850545883178711e-01,4.346782863140106201e-01,1.727817058563232422e-01,-5.092276260256767273e-02,-4.466602802276611328e-01,-1.037170290946960449e+00,-9.596350789070129395e-02,1.733270883560180664e-01,-1.635610699653625488e+00,6.358472108840942383e-01,-3.180980443954467773e+00,1.262399435043334961e+00,-1.706133961677551270e+00,-1.707786917686462402e+00,-6.432455182075500488e-01,7.834271192550659180e-01,-1.809941053390502930e+00,9.474924802780151367e-01,-1.007729053497314453e+00,1.029396891593933105e+00,1.543239116668701172e+00,7.518453001976013184e-01,9.109910726547241211e-01,-8.039679527282714844e-01,5.368782281875610352e-01,-3.406493663787841797e+00,5.266913771629333496e-01,-1.850836515426635742e+00,4.908358454704284668e-01,-8.079787492752075195e-01,5.069750547409057617e-01,1.714117646217346191e+00,2.202825099229812622e-01,6.605011969804763794e-02,6.712632179260253906e-01,3.791737556457519531e-02
1.400288790464401245e-01,-2.687522768974304199e-01,-6.517737358808517456e-02,2.130463719367980957e-01,-9.562239050865173340e-02,-4.737773910164833069e-02,-2.118510603904724121e-01,1.180246993899345398e-01,-2.523243986070156097e-02,-2.175549119710922241e-01,-2.194592058658599854e-01,-7.924707978963851929e-02,-1.363246142864227295e-01,-2.643013298511505127e-01,7.642574608325958252e-02,1.975897885859012604e-02,-1.378317028284072876e-01,-1.649894118309020996e-01,1.717112809419631958e-01,-1.114299744367599487e-01,1.403715759515762329e-01,1.989773660898208618e-01,8.593780547380447388e-02,9.604316204786300659e-02,-2.378864437341690063e-01,-1.432227343320846558e-01,-1.007311195135116577e-01,1.709831953048706055e-01,-2.180001437664031982e-01,4.178171604871749878e-02,-2.551330924034118652e-01,-1.838451325893402100e-01,-2.314806431531906128e-01,-2.202062867581844330e-02,1.271212995052337646e-01,2.021717578172683716e-01,2.181839346885681152e-01,1.550644040107727051e-01,-1.919895410537719727e-01,-2.294321209192276001e-01,-2.029136717319488525e-01,-1.758903115987777710e-01,-1.966902054846286774e-02,-8.305608481168746948e-02,1.330625861883163452e-01,1.858074814081192017e-01,1.703524589538574219e-01,2.165789902210235596e-02,-1.952282339334487915e-01,1.523033529520034790e-01
-1.077714085578918457e+00,6.959275603294372559e-01,1.490759942680597305e-02,3.255858719348907471e-01,-7.455398440361022949e-01,-8.220678567886352539e-01,1.244482025504112244e-01,4.456348717212677002e-01,2.134834080934524536e-01,3.025335073471069336e-01,-1.744011640548706055e-01,2.612904608249664307e-01,2.641727216541767120e-02,2.939229607582092285e-01,5.508002638816833496e-01,1.016828119754791260e-01,1.009346544742584229e-01,3.018346847966313362e-03,2.374245226383209229e-02,-3.034739255905151367e+00,7.767230272293090820e-04,1.153634190559387207e-01,1.982084959745407104e-01,3.909307122230529785e-01,4.519764423370361328e+00,6.467113494873046875e-01,8.555264770984649658e-02,-1.505733579397201538e-01,-1.018645912408828735e-01,-6.391121745109558105e-01,-4.974420368671417236e-02,-3.948712944984436035e-01,-8.624831587076187134e-02,-6.768382787704467773e-01,1.560730040073394775e-01,3.029618859291076660e-01,-4.305115640163421631e-01,-7.093446850776672363e-01,-2.070053219795227051e-01,-3.519161939620971680e-01,8.233251422643661499e-02,1.340591669082641602e+00,-5.708925891667604446e-03,-7.360341548919677734e-01,-2.623478472232818604e-01,-1.266957163810729980e+00,1.333576440811157227e+00,-1.395941972732543945e-01,-1.068992376327514648e+00,4.555506706237792969e-01
8.149051666259765625e-01,2.931109666824340820e-01,8.712900280952453613e-01,8.760701119899749756e-02,6.256445646286010742e-01,-7.510253906250000000e+00,5.139073729515075684e-01,4.831618964672088623e-01,5.793658494949340820e-01,5.610544085502624512e-01,1.727878302335739136e-01,1.283030211925506592e-01,5.575294494628906250e-01,3.866240382194519043e-01,4.868013858795166016e-01,9.841544181108474731e-02,1.400119960308074951e-01,7.266696095466613770e-01,1.326936364173889160e+00,-1.345884084701538086e+00,6.533209979534149170e-02,-5.851384624838829041e-02,-5.033972263336181641e-01,5.506826043128967285e-01,-3.868987798690795898e+00,1.087376713752746582e+00,-6.500111222267150879e-01,-4.875682890415191650e-01,-1.346935033798217773e+00,1.013432621955871582e+00,-7.399223446846008301e-01,7.466135621070861816e-01,2.568259835243225098e-01,1.173956990242004395e+00,5.225850939750671387e-01,8.506164550781250000e-01,1.108155727386474609e+00,1.171570181846618652e+00,1.669848114252090454e-01,4.112887382507324219e-01,4.303228259086608887e-01,-5.956384539604187012e-01,2.091271877288818359e-01,-5.281293988227844238e-01,2.664327323436737061e-01,1.737449169158935547e+00,-2.694466710090637207e-01,5.040956139564514160e-01,1.587444841861724854e-01,4.803460538387298584e-01
-1.694345325231552124e-01,6.403820514678955078e-01,-3.608388900756835938e-01,1.916928142309188843e-01,-2.907693088054656982e-01,8.088757991790771484e-01,3.634607195854187012e-01,4.331122636795043945e-01,4.062902331352233887e-01,1.220910921692848206e-01,4.535006359219551086e-02,4.771443605422973633e-01,-2.307984083890914917e-01,5.503464341163635254e-01,-1.980020850896835327e-01,2.540961205959320068e-01,3.550766706466674805e-01,-5.329013466835021973e-01,-7.312210798263549805e-01,-6.548245549201965332e-01,-2.217079550027847290e-01,-7.959251105785369873e-02,7.975778579711914062e-01,2.403448224067687988e-01,4.058394432067871094e+00,1.441820561885833740e-01,7.444108724594116211e-01,8.347394466400146484e-01,9.411102533340454102e-01,-1.263471364974975586e+00,8.430651426315307617e-01,-9.055386185646057129e-01,2.712906599044799805e-01,-4.509657919406890869e-01,1.395908147096633911e-01,9.567636251449584961e-02,-8.684838414192199707e-01,-4.360105395317077637e-01,1.063116788864135742e-01,-5.970741063356399536e-02,5.743227601051330566e-01,6.010233163833618164e-01,2.266190052032470703e-01,-1.559594988822937012e+00,1.168734356760978699e-01,-1.351064920425415039e+00,1.008350610733032227e+00,-3.955178260803222656e-01,-9.100803732872009277e-02,3.866722285747528076e-01
-4.600454494357109070e-02,6.372553110122680664e-01,-3.009468913078308105e-01,4.341224581003189087e-02,-1.881544589996337891e-01,4.582300782203674316e-01,1.684364527463912964e-01,1.973408907651901245e-01,2.821968793869018555e-01,1.101449057459831238e-01,7.294777035713195801e-02,4.636538922786712646e-01,-1.512767076492309570e-01,6.535172462463378906e-01,-2.490166723728179932e-01,3.296706378459930420e-01,4.668189212679862976e-03,-4.979784786701202393e-01,-8.330187201499938965e-01,-6.976172924041748047e-01,-1.671475768089294434e-01,3.307037055492401123e-02,8.406263589859008789e-01,6.403269171714782715e-01,3.825328826904296875e+00,9.266974776983261108e-02,5.892733931541442871e-01,8.215658664703369141e-01,1.128551959991455078e+00,-1.085443139076232910e+00,8.073455691337585449e-01,-9.938830733299255371e-01,5.655345320701599121e-01,-2.462200522422790527e-01,4.095316231250762939e-01,1.632300019264221191e-01,-1.000815629959106445e+00,-3.779968917369842529e-01,1.241563856601715088e-01,9.770931303501129150e-02,3.766731321811676025e-01,6.139528155326843262e-01,3.756810128688812256e-01,-1.440259695053100586e+00,3.415512293577194214e-02,-1.156252861022949219e+00,9.817973971366882324e-01,-2.948329448699951172e-01,6.020141392946243286e-02,-1.867726631462574005e-02
-1.126642897725105286e-02,4.592898190021514893e-01,-7.293754220008850098e-01,3.194673061370849609e-01,5.257984250783920288e-02,7.277577519416809082e-01,4.603748619556427002e-01,1.528060585260391235e-01,4.032748043537139893e-01,-1.033263802528381348e-01,-1.953339427709579468e-01,4.753838479518890381e-01,-2.391963899135589600e-01,4.533665478229522705e-01,-3.780625015497207642e-02,2.940615415573120117e-01,1.118076443672180176e-01,-4.827937483787536621e-01,-8.972573280334472656e-01,-5.708123445510864258e-01,-6.816329061985015869e-02,-8.411423116922378540e-02,8.977437615394592285e-01,3.609880506992340088e-01,3.762566328048706055e+00,2.356076687574386597e-01,8.283179402351379395e-01,4.618847668170928955e-01,1.157066226005554199e+00,-1.020801663398742676e+00,6.591653227806091309e-01,-7.599549889564514160e-01,4.951697587966918945e-01,-6.572873592376708984e-01,6.052386388182640076e-02,2.768552862107753754e-02,-7.624391913414001465e-01,-2.764736711978912354e-01,8.845132589340209961e-02,-9.563360363245010376e-03,6.015484929084777832e-01,9.158529639244079590e-01,2.660716772079467773e-01,-1.518542170524597168e+00,4.113229364156723022e-02,-1.082150697708129883e+00,1.051787853240966797e+00,-6.015802621841430664e-01,3.465913981199264526e-02,2.293324321508407593e-01
5.373980998992919922e-01,-5.995323657989501953e-01,1.109622120857238770e+00,4.156706333160400391e-01,7.083452939987182617e-01,4.641648232936859131e-01,-6.294754743576049805e-01,-5.828698277473449707e-01,-3.860221803188323975e-01,1.721315234899520874e-01,4.068329334259033203e-01,7.422735095024108887e-01,-6.462398767471313477e-01,-4.645275473594665527e-01,1.248996138572692871e+00,-6.133963465690612793e-01,3.320611715316772461e-01,5.629536509513854980e-01,1.243987798690795898e+00,8.103252649307250977e-01,8.204530179500579834e-02,-6.311033666133880615e-02,2.600613832473754883e-01,-6.426345705986022949e-01,-2.226069211959838867e+00,-1.530891418457031250e+00,2.809419296681880951e-02,1.983933895826339722e-01,-6.262870738282799721e-04,1.534626960754394531e+00,2.914853692054748535e-01,1.504771351814270020e+00,4.645389020442962646e-01,4.843212068080902100e-01,1.759515702724456787e-01,-1.088551163673400879e+00,2.959911823272705078e-01,1.046794056892395020e+00,-7.146846503019332886e-02,6.380150318145751953e-01,-8.133842349052429199e-01,4.956422746181488037e-01,3.688845038414001465e-01,1.425510764122009277e+00,1.663371771574020386e-01,1.035408899188041687e-01,-9.330128431320190430e-01,5.345620512962341309e-01,2.739985883235931396e-01,4.275899231433868408e-01
8.767637014389038086e-01,7.678849250078201294e-02,1.175951242446899414e+00,1.112869828939437866e-01,9.549651741981506348e-01,-2.245673894882202148e+00,1.183656975626945496e-01,3.804219141602516174e-02,-7.997832447290420532e-02,1.374349594116210938e-01,5.142236873507499695e-02,2.009949982166290283e-01,4.897569715976715088e-01,1.571435034275054932e-01,3.832461237907409668e-01,2.070720344781875610e-01,3.502959311008453369e-01,6.775707006454467773e-01,1.175879120826721191e+00,1.994292259216308594e+00,-2.100501209497451782e-01,9.179842472076416016e-02,-4.213594794273376465e-01,-8.931260555982589722e-03,-3.799221515655517578e+00,3.722430169582366943e-01,-5.736119747161865234e-01,-5.048220157623291016e-01,-1.049993038177490234e+00,1.121214747428894043e+00,-3.184720873832702637e-01,1.136337995529174805e+00,-6.402373313903808594e-02,8.924854397773742676e-01,1.579439640045166016e-01,4.479868710041046143e-01,9.891510605812072754e-01,1.143666386604309082e+00,2.022624202072620392e-02,6.199800372123718262e-01,2.990299463272094727e-01,-4.267412424087524414e-01,8.531299233436584473e-02,2.810707807540893555e+00,2.623262405395507812e-01,1.779793620109558105e+00,-7.435136437416076660e-01,5.935322046279907227e-01,8.238151073455810547e-01,4.778533279895782471e-01
-2.153078764677047729e-01,4.441412091255187988e-01,-3.121382594108581543e-01,2.700831294059753418e-01,5.930677056312561035e-02,6.268682479858398438e-01,6.134569048881530762e-01,3.066880106925964355e-01,4.812299311161041260e-01,2.564406991004943848e-01,-1.950738728046417236e-01,1.830092668533325195e-01,-3.962460756301879883e-01,5.312245488166809082e-01,-3.235898166894912720e-02,6.228390336036682129e-01,8.745225146412849426e-03,-6.364033222198486328e-01,-6.290279030799865723e-01,-6.103059053421020508e-01,-9.944540262222290039e-02,2.533526346087455750e-02,5.492969751358032227e-01,2.230432331562042236e-01,3.969773530960083008e+00,2.288435548543930054e-01,9.370630979537963867e-01,5.125722885131835938e-01,1.163157224655151367e+00,-1.374442696571350098e+00,6.574847698211669922e-01,-8.830291628837585449e-01,6.150856018066406250e-01,-4.631805419921875000e-01,2.064997702836990356e-01,-5.630188435316085815e-02,-7.772620320320129395e-01,-3.274865746498107910e-01,5.335133895277976990e-02,-1.186233609914779663e-01,7.051299214363098145e-01,7.139783501625061035e-01,3.316901028156280518e-01,-1.419356465339660645e+00,3.358903527259826660e-01,-1.453019380569458008e+00,1.134545207023620605e+00,-4.268355369567871094e-01,2.526796162128448486e-01,2.833029627799987793e-02
-1.821042299270629883e+00,5.902199149131774902e-01,-3.130917251110076904e-01,-2.240553498268127441e-01,-9.240027070045471191e-01,-7.383414506912231445e-01,-2.394394129514694214e-01,1.170321926474571228e-01,-2.139324881136417389e-02,-3.121140897274017334e-01,7.681941241025924683e-02,-9.049659967422485352e-02,8.932366967201232910e-01,5.778083112090826035e-03,-3.364725708961486816e-01,2.362530529499053955e-01,-6.224358677864074707e-01,7.722023725509643555e-01,-2.837974131107330322e-01,7.523318380117416382e-02,-1.873510032892227173e-01,6.839513778686523438e-02,-3.911193907260894775e-01,5.489572286605834961e-01,4.195542335510253906e+00,1.038547635078430176e+00,4.608529061079025269e-02,-8.777638524770736694e-02,2.665331363677978516e+00,6.484761238098144531e-01,1.657903492450714111e-01,1.047495245933532715e+00,-8.896571993827819824e-01,-2.087433338165283203e+00,-1.178048968315124512e+00,6.465944647789001465e-01,1.087695121765136719e+00,-1.202222108840942383e+00,-8.732761740684509277e-01,-7.425316572189331055e-01,-1.849921494722366333e-01,1.117050528526306152e+00,7.579865306615829468e-02,1.551043510437011719e+00,-8.404836058616638184e-01,7.862432003021240234e-01,6.470296382904052734e-01,4.034103155136108398e-01,-1.300722718238830566e+00,-1.171461641788482666e-01
6.828070282936096191e-01,-4.140268862247467041e-01,1.229151964187622070e+00,4.803446829319000244e-01,6.625824570655822754e-01,6.203682422637939453e-01,-5.793489813804626465e-01,-5.995045900344848633e-01,-1.824133694171905518e-01,1.540485769510269165e-01,4.816974401473999023e-01,2.490510940551757812e-01,-6.276317238807678223e-01,-3.350004851818084717e-01,1.068500280380249023e+00,-6.485068798065185547e-01,4.242499470710754395e-01,6.136820316314697266e-01,1.131385087966918945e+00,1.229855060577392578e+00,1.021270304918289185e-01,1.536870002746582031e-01,1.303405761718750000e-01,-4.390681385993957520e-01,-2.242122173309326172e+00,-1.777546405792236328e+00,-3.721256926655769348e-02,1.158288121223449707e-01,-1.214240044355392456e-01,1.104821443557739258e+00,6.980275362730026245e-02,1.717086434364318848e+00,4.616087377071380615e-01,9.536688327789306641e-01,3.507691323757171631e-01,-1.010239720344543457e+00,1.879473179578781128e-01,8.860914111137390137e-01,1.129934042692184448e-01,7.949207425117492676e-01,-7.293695807456970215e-01,6.516824364662170410e-01,9.808260947465896606e-02,1.362015247344970703e+00,2.283108681440353394e-01,-2.899194955825805664e-01,-1.303565263748168945e+00,1.440723389387130737e-01,5.330503582954406738e-01,3.631766140460968018e-01
-4.275958836078643799e-01,5.237824320793151855e-01,-4.537732005119323730e-01,4.238303601741790771e-01,-3.451661020517349243e-02,5.359843969345092773e-01,4.788160026073455811e-01,1.510232985019683838e-01,1.649997383356094360e-01,-1.070827543735504150e-01,-5.425429344177246094e-02,1.055630296468734741e-01,-3.140179514884948730e-01,2.262077182531356812e-01,9.193932265043258667e-02,4.964515268802642822e-01,-6.743526458740234375e-02,-3.833537995815277100e-01,-4.926826059818267822e-01,-3.222769200801849365e-01,3.455223143100738525e-02,-1.071900948882102966e-01,9.272696375846862793e-01,3.103642761707305908e-01,4.180856227874755859e+00,5.764129161834716797e-01,7.909770011901855469e-01,7.710070013999938965e-01,8.232154250144958496e-01,-9.894167780876159668e-01,5.484315752983093262e-01,-8.296775817871093750e-01,6.019650697708129883e-01,-5.575902462005615234e-01,2.992328405380249023e-01,2.289198487997055054e-01,-6.416900157928466797e-01,-3.925039768218994141e-01,2.741619050502777100e-01,1.672816127538681030e-01,3.034430742263793945e-01,1.070206046104431152e+00,-8.393211662769317627e-02,-1.570322275161743164e+00,-9.488985687494277954e-02,-1.334598064422607422e+00,9.790087938308715820e-01,-5.943442583084106445e-01,3.603896498680114746e-02,4.151399806141853333e-02
-1.189458519220352173e-01,-2.412866204977035522e-01,-6.558390706777572632e-02,6.183309853076934814e-02,-1.732343249022960663e-02,-2.170026302337646484e-01,-2.251293361186981201e-01,9.453631937503814697e-02,-1.313827931880950928e-02,-2.277221381664276123e-01,-1.343355476856231689e-01,-1.636387407779693604e-01,-6.669563055038452148e-02,-1.045999750494956970e-01,-2.776438929140567780e-02,5.106285214424133301e-03,-2.530040740966796875e-01,2.213646620512008667e-01,-2.348540276288986206e-01,1.787295192480087280e-01,7.195983827114105225e-02,-5.952301621437072754e-02,2.802728489041328430e-02,1.092997640371322632e-01,-4.377752542495727539e-03,-2.171009182929992676e-01,1.442028433084487915e-01,3.180165961384773254e-02,-2.419951707124710083e-01,-1.035452187061309814e-01,-2.243841886520385742e-01,-6.522312760353088379e-02,1.178036853671073914e-01,1.381094455718994141e-01,-1.101538091897964478e-01,-2.063035666942596436e-01,-8.340334892272949219e-02,7.714881002902984619e-02,2.408437430858612061e-02,1.471405923366546631e-01,-5.374388396739959717e-02,2.607272565364837646e-02,2.268765866756439209e-02,5.058296024799346924e-02,-1.863162517547607422e-01,-2.313344180583953857e-02,1.618535667657852173e-01,4.314328730106353760e-02,-1.130166873335838318e-01,1.319257467985153198e-01
8.200698494911193848e-01,-3.919761478900909424e-01,1.011234164237976074e+00,8.418619632720947266e-01,6.187663674354553223e-01,7.835140824317932129e-01,-7.551987171173095703e-01,-1.068022012710571289e+00,-6.586228013038635254e-01,2.888382673263549805e-01,6.889281272888183594e-01,9.213744997978210449e-01,-1.354799389839172363e+00,-9.212085604667663574e-01,1.350542068481445312e+00,-1.011845350265502930e+00,2.797660827636718750e-01,7.201088666915893555e-01,1.171263456344604492e+00,1.446949958801269531e+00,-9.592147171497344971e-02,-1.237027943134307861e-01,3.625004291534423828e-01,-1.014431953430175781e+00,-1.169259905815124512e+00,-1.846317529678344727e+00,-8.645744062960147858e-03,3.735299035906791687e-02,-2.704163789749145508e-01,1.155821084976196289e+00,1.875240057706832886e-01,1.361058712005615234e+00,5.393446087837219238e-01,9.372695088386535645e-01,4.488495290279388428e-01,-1.491873264312744141e+00,2.145442068576812744e-01,1.021941184997558594e+00,-3.521983027458190918e-01,8.881937265396118164e-01,-8.616423606872558594e-01,5.917767286300659180e-01,3.035972118377685547e-01,1.072663545608520508e+00,4.630296528339385986e-01,1.615307033061981201e-01,-8.652142286300659180e-01,3.755629062652587891e-01,6.310098767280578613e-01,6.200702190399169922e-01
5.882578492164611816e-01,-6.132982373237609863e-01,1.189675569534301758e+00,7.643049359321594238e-01,2.937147319316864014e-01,2.538407146930694580e-01,-7.274932265281677246e-01,-5.372103452682495117e-01,-4.896885156631469727e-01,1.755948811769485474e-01,7.798765897750854492e-01,3.299008905887603760e-01,-5.996743440628051758e-01,-7.550387382507324219e-01,1.230138897895812988e+00,-3.114885687828063965e-01,1.320543233305215836e-02,6.211861968040466309e-01,1.158817291259765625e+00,8.817070126533508301e-01,-7.564683258533477783e-02,8.331593871116638184e-02,5.851411819458007812e-01,-4.909621179103851318e-01,-1.980620980262756348e+00,-1.607187628746032715e+00,2.796525061130523682e-01,1.560796797275543213e-01,-2.260933667421340942e-01,1.399625658988952637e+00,5.359587445855140686e-02,1.553123831748962402e+00,3.526298999786376953e-01,5.434676408767700195e-01,4.719904065132141113e-01,-1.152694225311279297e+00,2.900477051734924316e-01,9.658854603767395020e-01,-2.555552124977111816e-02,1.077856063842773438e+00,-7.475973963737487793e-01,6.056591868400573730e-01,2.773203253746032715e-01,1.052052378654479980e+00,2.417987883090972900e-01,-4.133244231343269348e-02,-1.147336244583129883e+00,4.617511332035064697e-01,5.942414402961730957e-01,3.278451859951019287e-01
9.587782025337219238e-01,-7.343246936798095703e-01,1.332405090332031250e+00,6.779550909996032715e-01,7.441646456718444824e-01,6.506144404411315918e-01,-7.201593518257141113e-01,-7.839050889015197754e-01,-6.127733588218688965e-01,3.427745401859283447e-01,5.170606374740600586e-01,7.193667292594909668e-01,-7.602452039718627930e-01,-5.317974090576171875e-01,1.126567244529724121e+00,-5.927419662475585938e-01,3.490492701530456543e-01,6.934869885444641113e-01,1.520755887031555176e+00,9.534091353416442871e-01,6.395746767520904541e-02,-1.696847528219223022e-01,6.671615839004516602e-01,-7.143006920814514160e-01,-2.191381454467773438e+00,-1.655825138092041016e+00,8.336678892374038696e-02,2.983066439628601074e-01,-3.780562877655029297e-01,1.428586602210998535e+00,1.731219440698623657e-01,1.629038810729980469e+00,5.225549340248107910e-01,7.748989462852478027e-01,1.976451724767684937e-01,-8.806030154228210449e-01,4.079024121165275574e-02,8.782120943069458008e-01,-3.456238508224487305e-01,8.986995816230773926e-01,-4.527767896652221680e-01,3.049841523170471191e-01,6.708893179893493652e-02,1.526215910911560059e+00,2.837127745151519775e-01,-2.501197457313537598e-01,-1.030223250389099121e+00,4.827725291252136230e-01,3.488222360610961914e-01,2.508045136928558350e-01
-2.544378340244293213e-01,5.462676882743835449e-01,2.154114842414855957e-01,6.817133724689483643e-02,9.970201551914215088e-02,-2.882882356643676758e+00,3.761119544506072998e-01,7.806950211524963379e-01,5.326467752456665039e-01,4.508951008319854736e-01,6.786291301250457764e-02,-2.080571353435516357e-01,6.473003625869750977e-01,7.283630967140197754e-01,5.937072634696960449e-01,5.280848741531372070e-01,7.411485910415649414e-02,6.021547913551330566e-01,6.151856184005737305e-01,-1.659728646278381348e+00,-1.547868847846984863e-01,-1.258783135563135147e-02,-1.025337815284729004e+00,7.355749607086181641e-01,-3.563305377960205078e+00,1.151662349700927734e+00,-9.103626012802124023e-01,-1.270396232604980469e+00,-1.916396021842956543e+00,8.274998068809509277e-01,-1.006195425987243652e+00,9.345129728317260742e-01,-1.252008914947509766e+00,1.272805184125900269e-01,1.961705386638641357e-01,8.978978991508483887e-01,9.832417964935302734e-01,3.077891170978546143e-01,6.820748001337051392e-02,-2.433526068925857544e-01,7.702012658119201660e-01,-7.013071328401565552e-02,3.298088908195495605e-01,-1.080196976661682129e+00,4.160593450069427490e-01,1.967947602272033691e+00,4.257880747318267822e-01,6.791403889656066895e-01,-6.238827705383300781e-01,-1.541105657815933228e-01
5.088347196578979492e-01,-5.371057391166687012e-01,9.802084565162658691e-01,6.008183956146240234e-01,3.235041797161102295e-01,3.376120924949645996e-01,-8.289897441864013672e-01,-8.456467390060424805e-01,-6.967480182647705078e-01,3.712194263935089111e-01,7.219762802124023438e-01,8.296378254890441895e-01,-5.693256855010986328e-01,-6.066331863403320312e-01,1.406731605529785156e+00,-8.658591508865356445e-01,1.491350401192903519e-02,7.274063825607299805e-01,1.124405264854431152e+00,1.063593506813049316e+00,1.721381694078445435e-01,-5.629062652587890625e-02,6.108303666114807129e-01,-8.571750521659851074e-01,-2.063690900802612305e+00,-1.582511305809020996e+00,1.177037060260772705e-01,2.716345191001892090e-01,-2.504522800445556641e-01,1.539014935493469238e+00,9.373899549245834351e-02,1.530761599540710449e+00,5.233569741249084473e-01,7.530773878097534180e-01,2.238656282424926758e-01,-9.616949558258056641e-01,3.402269184589385986e-01,1.042490959167480469e+00,7.127084583044052124e-02,1.109300851821899414e+00,-8.303312063217163086e-01,4.357276558876037598e-01,3.608827292919158936e-01,1.342451214790344238e+00,1.712470352649688721e-01,-9.878213703632354736e-02,-1.038898229598999023e+00,6.069751977920532227e-01,6.445821523666381836e-01,5.547068119049072266e-01
-7.860916852951049805e-01,-1.466519832611083984e+00,-1.620078563690185547e+00,-1.235693097114562988e+00,-7.620797753334045410e-01,1.435678362846374512e+00,-5.196342468261718750e+00,-7.367627143859863281e+00,-6.273193359375000000e+00,1.015854954719543457e+00,-4.099920392036437988e-01,-6.568077802658081055e-01,-2.946662664413452148e+00,-7.715745925903320312e+00,-1.713305711746215820e+00,-8.326639175415039062e+00,1.027010679244995117e+00,-2.920883893966674805e+00,-1.332329750061035156e+00,1.525381207466125488e+00,1.781506091356277466e-01,2.148465514183044434e-01,1.029273152351379395e+00,-2.480017185211181641e+00,1.951654404401779175e-01,-2.962044715881347656e+00,8.806939721107482910e-01,1.200842380523681641e+00,8.989204168319702148e-01,1.958694815635681152e+00,9.967367649078369141e-01,1.754540801048278809e+00,1.947845816612243652e-01,-1.173624038696289062e+00,1.487734317779541016e+00,-3.476792097091674805e+00,-3.832950830459594727e+00,-1.101323127746582031e+00,1.519623637199401855e+00,-1.539534330368041992e+00,-6.159649848937988281e+00,-1.108574390411376953e+00,1.281892418861389160e+00,1.542166233062744141e+00,1.587210416793823242e+00,-2.875714302062988281e+00,8.945111036300659180e-01,-3.085225343704223633e+00,-2.800425887107849121e-01,5.899208188056945801e-01
6.764393448829650879e-01,-4.615274071693420410e-01,1.227045178413391113e+00,7.105686068534851074e-01,4.151540994644165039e-01,3.264896869659423828e-01,-4.091600477695465088e-01,-6.487212777137756348e-01,-5.200438499450683594e-01,3.156821727752685547e-01,3.764165639877319336e-01,7.000743150711059570e-01,-7.353163957595825195e-01,-8.378853797912597656e-01,1.165750145912170410e+00,-7.725840210914611816e-01,1.556115597486495972e-01,8.187406063079833984e-01,1.346129536628723145e+00,9.721105098724365234e-01,-5.123226344585418701e-02,-1.595925241708755493e-01,3.337281346321105957e-01,-7.538812160491943359e-01,-2.063988924026489258e+00,-1.482206344604492188e+00,6.085428409278392792e-03,3.946842849254608154e-01,-4.114340841770172119e-01,1.199256420135498047e+00,1.728920936584472656e-01,1.411561369895935059e+00,3.789721429347991943e-01,7.335193157196044922e-01,3.185222446918487549e-01,-1.165212512016296387e+00,5.323755741119384766e-01,7.525511980056762695e-01,-1.844663470983505249e-01,1.126686453819274902e+00,-6.921878457069396973e-01,5.866863727569580078e-01,2.548952996730804443e-01,1.084333539009094238e+00,4.188806116580963135e-01,-1.941220760345458984e-01,-8.896322846412658691e-01,2.456371337175369263e-01,4.029036760330200195e-01,2.517108023166656494e-01
6.009330153465270996e-01,-5.950597524642944336e-01,1.241500735282897949e+00,6.338487267494201660e-01,5.143095850944519043e-01,5.864020586013793945e-01,-4.002222418785095215e-01,-8.821749687194824219e-01,-4.623965322971343994e-01,4.787850975990295410e-01,2.638052105903625488e-01,6.343344449996948242e-01,-3.774247467517852783e-01,-6.671627163887023926e-01,7.961732745170593262e-01,-5.167595148086547852e-01,1.322352886199951172e-01,6.868814826011657715e-01,1.351356267929077148e+00,1.129705071449279785e+00,-5.541448295116424561e-02,-2.244755178689956665e-01,2.365919947624206543e-01,-7.204350233078002930e-01,-1.955526947975158691e+00,-1.619196653366088867e+00,3.879185616970062256e-01,2.285526692867279053e-01,-1.746796220541000366e-01,1.341598749160766602e+00,4.858850538730621338e-01,1.393985152244567871e+00,6.177212595939636230e-01,6.426079869270324707e-01,1.769136935472488403e-01,-1.128365159034729004e+00,4.387318789958953857e-01,1.065355658531188965e+00,-1.557610649615526199e-02,9.719620943069458008e-01,-7.069392800331115723e-01,5.375369787216186523e-01,5.698090419173240662e-02,1.135982513427734375e+00,2.889366447925567627e-01,-5.281900241971015930e-02,-1.129263162612915039e+00,3.163595497608184814e-01,5.245702862739562988e-01,2.939884960651397705e-01
